Chave do Ticket,Tipo de Solicitacao,Resumo,Status Atual,Criador,Atribuido Para,Resolucao,SLA: Primeira Resposta (Foi Violado?),SLA: Primeira Resposta (Tempo Gasto),SLA: Tempo Resolucao (Foi Violado?),SLA: Tempo Resolucao (Tempo Gasto),Data de Criacao
"GC-8653","Tarefa","Limpeza - Cabos PRJ_CX_11","Concluído","Infraestrutura","N/A","Concluído","N/A (Excluído)","N/A (Excluído)","SIM","27h 2m","29/12/2025, 08:41:02"
"GC-8631","Tarefa","Troca de postes em Ourinhos próximo a OUR_A5_CTO_14F","Concluído","NOC Grupo Cednet","N/A","Feito","N/A (Excluído)","N/A (Excluído)","NAO","1m","26/12/2025, 23:30:42"
"GC-8601","Tarefa","Fibras rompidas em Chavantes","Concluído","Gabriel Almeida Mattos","N/A","Rejeitado","NAO","15m","NAO","15m","22/12/2025, 19:49:57"
"GC-8598","Tarefa","CHV_CX_05","Pending","Mayara Fernandes Figueiredo","N/A","Em Aberto","NAO","11m","N/A","N/A","22/12/2025, 15:38:37"
"GC-8583","Tarefa","PTP Chavantes x Ribeirão Claro - fibra caída. ","Concluído","NOC Grupo Cednet","N/A","Feito","N/A (Excluído)","N/A (Excluído)","NAO","5m","20/12/2025, 16:27:25"
"GC-8544","Tarefa","CT_CX_36 organização ","Concluído","vicente dutra de sousa","N/A","Feito","SIM","3h 10m","SIM","7h 12m","17/12/2025, 09:26:26"
"GC-8535","Tarefa","Chicote da caixa não chega até o chão - BCI_CX_28B6","Pending","Alisson Miguel Bertocci","N/A","Em Aberto","NAO","3m","N/A","N/A","16/12/2025, 10:42:43"
"GC-8468","Tarefa","verificar a caixa IPP_CX_40","Pending","vicente dutra de sousa","Infraestrutura","Em Aberto","SIM","50m","N/A","N/A","10/12/2025, 10:32:01"
"GC-8442","Tarefa","Caixa no chão Bernardino de Campos ","Concluído","Gabriel Almeida Mattos","N/A","Concluído","NAO","3m","NAO","14m","08/12/2025, 20:50:38"
"GC-8667","[System] Change","CC_CX_34 - Preventiva","Awaiting implementation","NOC Grupo Cednet","N/A","Em Aberto","N/A (Excluído)","N/A (Excluído)","N/A","N/A","30/12/2025, 13:56:01"
"GC-8651","[System] Change","PTP Ribeirão Claro x Chavantes - Manutenção","Completed","NOC Grupo Cednet","N/A","Feito","N/A (Excluído)","N/A (Excluído)","N/A","N/A","29/12/2025, 02:26:13"
"GC-8643","[System] Change","MDR Fazenda do Estado I - Manutenção","Completed","NOC Grupo Cednet","Infraestrutura","Feito","N/A (Excluído)","N/A (Excluído)","N/A","N/A","28/12/2025, 00:04:49"
"GC-8619","[System] Change","SQC JOSE ODAIR - Alinhamento","Completed","Infraestrutura","Infraestrutura","Feito","N/A (Excluído)","N/A (Excluído)","N/A","N/A","24/12/2025, 09:15:32"
"GC-8616","[System] Change","FTR Torre TV","Completed","Infraestrutura","Infraestrutura","Feito","N/A (Excluído)","N/A (Excluído)","N/A","N/A","24/12/2025, 05:35:35"
"GC-8613","[System] Change","CNP58_HATTORI2 - Alinhamento ","Completed","Infraestrutura","Infraestrutura","Feito","N/A (Excluído)","N/A (Excluído)","N/A","N/A","23/12/2025, 16:49:56"
"GC-8609","[System] Change","PTP Piraju  x Tejupá - Erros na porta","Completed","NOC Grupo Cednet","N/A","Feito","N/A (Excluído)","N/A (Excluído)","N/A","N/A","23/12/2025, 15:34:24"
"GC-8605","[System] Change","Troca de switch DATACOM-OUR-BORDA-JJ","Completed","T.I - Grupo CEDNET","N/A","Feito","NAO","10m","SIM","14h 5m","23/12/2025, 11:45:44"
"GC-8580","[System] Change","10.4.30.200 (LK CPLP Aguinaldo / Recanto Paraiso)","Completed","Infraestrutura","Infraestrutura","Feito","N/A (Excluído)","N/A (Excluído)","N/A","N/A","20/12/2025, 13:18:44"
"GC-8573","[System] Change","FTR Barra Seca (F)","Canceled","Infraestrutura","Infraestrutura","Não fazer","N/A (Excluído)","N/A (Excluído)","N/A","N/A","19/12/2025, 09:35:47"
"GC-8567","[System] Change","CLPL - Abertura de caixa ","Canceled","NOC Grupo Cednet","N/A","Concluído","N/A (Excluído)","N/A (Excluído)","N/A","N/A","18/12/2025, 17:49:30"
"GC-8564","[System] Change","PTP Fartura a Taguai- Corretiva","Review","Infraestrutura","N/A","Em Aberto","N/A (Excluído)","N/A (Excluído)","N/A","N/A","18/12/2025, 14:47:35"
"GC-8563","[System] Change","PTP Fartura x Sarutaiá - Galhos no cabo","Completed","NOC Grupo Cednet","Infraestrutura","Feito","N/A (Excluído)","N/A (Excluído)","N/A","N/A","18/12/2025, 12:09:17"
"GC-8562","[System] Change","PRJ Sidney - Correção elétrica","Completed","Infraestrutura","Infraestrutura","Feito","N/A (Excluído)","N/A (Excluído)","N/A","N/A","18/12/2025, 11:11:47"
"GC-8555","[System] Change","Verificação e manutenção nos estirantes do POP PJ Torre TV Piraju Lixão (F)","Completed","Infraestrutura","Infraestrutura","Feito","N/A (Excluído)","N/A (Excluído)","N/A","N/A","18/12/2025, 07:05:15"
"GC-8546","[System] Change","CPD Piraju- Manutenção preventiva","Completed","Infraestrutura","N/A","Feito","N/A (Excluído)","N/A (Excluído)","N/A","N/A","17/12/2025, 09:39:14"
"GC-8539","[System] Change","FTTH Timburi - Atualização Switch","Awaiting implementation","Infraestrutura","Infraestrutura","Em Aberto","N/A (Excluído)","N/A (Excluído)","N/A","N/A","16/12/2025, 12:44:48"
"GC-8531","[System] Change","FTR TORRE TV - Intermitente","Completed","NOC Grupo Cednet","Infraestrutura","Feito","N/A (Excluído)","N/A (Excluído)","N/A","N/A","15/12/2025, 23:56:52"
"GC-8526","[System] Change","Migração do POP Itamaraty","Completed","Infraestrutura","Infraestrutura","Feito","N/A (Excluído)","N/A (Excluído)","N/A","N/A","15/12/2025, 15:47:26"
"GC-8513","[System] Change","CHV Torre Fazenda Santa Rosa (R) - Manutenção","Awaiting implementation","NOC Grupo Cednet","N/A","Em Aberto","N/A (Excluído)","N/A (Excluído)","N/A","N/A","12/12/2025, 19:04:54"
"GC-8500","[System] Change","POP MDR Sitio Santo Antonio - Retrofit","Completed","Infraestrutura","Infraestrutura","Feito","N/A (Excluído)","N/A (Excluído)","N/A","N/A","12/12/2025, 10:55:48"
"GC-8486","[System] Change","FTR Sitio Santa Luzia (R)","Completed","Infraestrutura","Infraestrutura","Feito","N/A (Excluído)","N/A (Excluído)","N/A","N/A","11/12/2025, 10:51:05"
"GC-8482","[System] Change","FTR Corredeira (F)","Completed","Infraestrutura","Infraestrutura","Feito","N/A (Excluído)","N/A (Excluído)","N/A","N/A","11/12/2025, 10:07:57"
"GC-8481","[System] Change","Verificação e manutenção nos estirantes do POP OL Mecânica Fábio (R)","Completed","Infraestrutura","Infraestrutura","Feito","N/A (Excluído)","N/A (Excluído)","N/A","N/A","11/12/2025, 07:11:16"
"GC-8465","[System] Change","Verificação e manutenção nos estirantes do POP CT Torre Fazenda Santa Rosa (R)","Completed","Infraestrutura","Infraestrutura","Feito","N/A (Excluído)","N/A (Excluído)","N/A","N/A","10/12/2025, 09:09:14"
"GC-8463","[System] Change","Verificação e manutenção nos estirantes do POP CHV Torre Fazenda Santa Tereza (R)","Completed","Infraestrutura","Infraestrutura","Feito","N/A (Excluído)","N/A (Excluído)","N/A","N/A","10/12/2025, 08:03:13"
"GC-8460","[System] Change","CLPL Aguinaldo Fernandes (R) - Manutenção","Completed","NOC Grupo Cednet","Infraestrutura","Feito","N/A (Excluído)","N/A (Excluído)","N/A","N/A","09/12/2025, 23:16:31"
"GC-8455","[System] Change","UFINET - Instável","Canceled","NOC Grupo Cednet","N/A","Rejeitado","N/A (Excluído)","N/A (Excluído)","N/A","N/A","09/12/2025, 17:32:37"
"GC-8443","[System] Change","CPD Ourinhos - Abastecimento do Gerador","Completed","NOC Grupo Cednet","N/A","Concluído","N/A (Excluído)","N/A (Excluído)","N/A","N/A","08/12/2025, 23:22:03"
"GC-8439","[System] Change","CLPL Aguinaldo Fernandes ","Completed","Infraestrutura","Infraestrutura","Feito","N/A (Excluído)","N/A (Excluído)","N/A","N/A","08/12/2025, 13:56:58"
"GC-8437","[System] Change","Reconfiguração POP FTR Torre Igreja ","Completed","Infraestrutura","Infraestrutura","Feito","N/A (Excluído)","N/A (Excluído)","N/A","N/A","08/12/2025, 11:44:01"
"GC-8435","[System] Change","CQC Praia Morena - Troca de fonte","Completed","NOC Grupo Cednet","N/A","Feito","N/A (Excluído)","N/A (Excluído)","N/A","N/A","08/12/2025, 09:21:51"
"GC-8433","[System] Change","Manutenção Preventiva no POP PRP Torre Fazenda Fumaça (R)","Completed","Infraestrutura","Infraestrutura","Feito","N/A (Excluído)","N/A (Excluído)","N/A","N/A","08/12/2025, 07:47:09"
"GC-8423","[System] Change","Rede FTTH Talarico (CC_CX_TL) Cerqueira Cesar","Completed","Infraestrutura","Infraestrutura","Feito","N/A (Excluído)","N/A (Excluído)","N/A","N/A","06/12/2025, 09:43:57"
"GC-8420","[System] Change","AP_CNP58_GRUPOGRACIOSO - Manutenção","Completed","Infraestrutura","Infraestrutura","Feito","N/A (Excluído)","N/A (Excluído)","N/A","N/A","05/12/2025, 12:23:00"
"GC-8397","[System] Change","Banco de Baterias Salto Itarare.","Failed","NOC Grupo Cednet","N/A","Feito","N/A (Excluído)","N/A (Excluído)","N/A","N/A","02/12/2025, 17:25:27"
"GC-8395","[System] Change","POP RB Torre Sabia","Completed","Infraestrutura","Infraestrutura","Feito","N/A (Excluído)","N/A (Excluído)","N/A","N/A","02/12/2025, 12:14:41"
"GC-8394","[System] Change","TAGAP_MORRO_255W_AC","Completed","Infraestrutura","Infraestrutura","Feito","N/A (Excluído)","N/A (Excluído)","N/A","N/A","02/12/2025, 10:09:37"
"GC-8393","[System] Change","Acabamentos nos cabos de rede blindados na CHV Torre TV (F)","Completed","Infraestrutura","Infraestrutura","Feito","N/A (Excluído)","N/A (Excluído)","N/A","N/A","02/12/2025, 08:51:48"
"GC-8392","[System] Change","Gerador CPD Carlópolis","Completed","Infraestrutura","Infraestrutura","Feito","N/A (Excluído)","N/A (Excluído)","N/A","N/A","02/12/2025, 08:42:50"
"GC-8386","[System] Change","Retorno para fazer acabamentos e identificação dos equipamentos da SB Jovem Pan (R)","Completed","Infraestrutura","Infraestrutura","Feito","N/A (Excluído)","N/A (Excluído)","N/A","N/A","01/12/2025, 08:21:41"
"GC-8678","[System] Incident","SB_CX_06 - OFF","Fechada","luiz henrique da silva","N/A","Feito","SIM","1h 6m","NAO","2h 7m","31/12/2025, 17:13:29"
"GC-8677","[System] Incident","TEJ_CX_08 - Caixa atenuada","Fechada","NOC Grupo Cednet","N/A","Feito","N/A (Excluído)","N/A (Excluído)","NAO","2h 39m","31/12/2025, 15:27:10"
"GC-8676","[System] Incident","TAG Bairro Mendes (R) - TENDO QUEDAS","Fechada","Gustavo Gigliotte Teixeira","N/A","Não fazer","SIM","1h 52m","NAO","1h 52m","31/12/2025, 14:03:40"
"GC-8675","[System] Incident","OUR_A7_CTO_07B6 - OFF","Fechada","Gustavo Gigliotte Teixeira","N/A","Rejeitado","SIM","3h 13m","NAO","3h 13m","31/12/2025, 12:19:54"
"GC-8674","[System] Incident","OUR_A7_CTO_07B1 a OUR_A7_CTO_07B7 OFF","Fechada","Eduardo Oliveira","N/A","Concluído","SIM","3h 24m","NAO","5h 15m","31/12/2025, 12:18:33"
"GC-8672","[System] Incident","RC Pontal das Garças - indisponível ","Fechada","NOC Grupo Cednet","N/A","Feito","N/A (Excluído)","N/A (Excluído)","NAO","4m","31/12/2025, 09:25:52"
"GC-8671","[System] Incident","ASB_CTO_11B - ASB_CTO_11E","Fechada","Chrystyan Albuquerque","N/A","Feito","NAO","0m","NAO","2m","31/12/2025, 00:47:06"
"GC-8670","[System] Incident","RC_CTO_55D2 OFF","Fechada","Gabriel Almeida Mattos","N/A","Concluído","NAO","16m","NAO","1h 43m","30/12/2025, 19:57:24"
"GC-8669","[System] Incident","SRT_CTO_18C4 off ","Fechada","marco antonio pereira rodrigues","N/A","Concluído","NAO","21m","NAO","52m","30/12/2025, 19:10:41"
"GC-8668","[System] Incident","CLPL Shirley (R) - OFF","Fechada","Gustavo Gigliotte Teixeira","N/A","Concluído","NAO","10m","NAO","1h 11m","30/12/2025, 14:33:46"
"GC-8663","[System] Incident","CTO OUR_A7_CTO_08D - OFF","Fechada","Alisson Miguel Bertocci","N/A","Feito","NAO","22m","NAO","20m","30/12/2025, 09:50:07"
"GC-8662","[System] Incident","CC_CX_37A LOS","Fechada","Mayara Fernandes Figueiredo","N/A","Feito","NAO","26m","NAO","25m","30/12/2025, 09:10:10"
"GC-8661","[System] Incident","SRT CX D Água Banco da Terra - Indisponivel","Fechada","Marcos Vinicius Cardoso","Infraestrutura","Feito","NAO","26m","NAO","28m","29/12/2025, 23:33:15"
"GC-8659","[System] Incident","Biotube - insdisponível","Fechada","luiz henrique da silva","N/A","Concluído","NAO","7m","NAO","7m","29/12/2025, 21:49:09"
"GC-8658","[System] Incident","FTR Fazenda Vitórioa (Triunfo) - indisponivel. ","Fechada","NOC Grupo Cednet","N/A","Feito","N/A (Excluído)","N/A (Excluído)","NAO","30m","29/12/2025, 15:18:59"
"GC-8657","[System] Incident","SCRP_CX_94A até SCRP_CX_94B","Fechada","Leonardo Henrique ","N/A","Concluído","NAO","25m","NAO","1h 57m","29/12/2025, 15:13:46"
"GC-8656","[System] Incident"," TBR_CX_21C - OFF","Fechada","Maria Eduarda","N/A","Feito","NAO","17m","NAO","43m","29/12/2025, 14:13:43"
"GC-8655","[System] Incident","PRJ_CX_22C3 até PRJ_CX_22C6 OFF","Fechada","Leonardo Henrique ","N/A","Concluído","NAO","10m","NAO","4h 15m","29/12/2025, 14:02:24"
"GC-8654","[System] Incident","BA Caixa D'água Antônio(Parte NORTE) - Indisponível","Fechada","julia marcelino","N/A","Feito","NAO","11m","NAO","10m","29/12/2025, 09:25:34"
"GC-8652","[System] Incident","PTP Manduri x Cerqueira César - Indisponivel","Fechada","NOC Grupo Cednet","N/A","Feito","N/A (Excluído)","N/A (Excluído)","NAO","1h 37m","29/12/2025, 03:03:54"
"GC-8650","[System] Incident","PTP Ribeirão Claro x Carlópolis - Indisponivel","Fechada","NOC Grupo Cednet","N/A","Feito","N/A (Excluído)","N/A (Excluído)","NAO","4h 41m","28/12/2025, 20:03:38"
"GC-8649","[System] Incident","LAGAP_BVISTA_AC","Fechada","Gabriel Almeida Mattos","N/A","Duplicado","NAO","15m","NAO","18m","28/12/2025, 18:54:52"
"GC-8647","[System] Incident","FAZ_COCAES_CX_01 - OFF","Fechada","Gustavo Gigliotte Teixeira","N/A","Feito","NAO","23m","NAO","16m","28/12/2025, 15:50:20"
"GC-8646","[System] Incident","PTP Ribeirão Claro x Chavantes - Indisponivel","Fechada","NOC Grupo Cednet","N/A","Feito","N/A (Excluído)","N/A (Excluído)","SIM","7h 58m","28/12/2025, 14:57:17"
"GC-8645","[System] Incident","TAG Bairro Mendes OFF","Fechada","Leonardo Henrique ","N/A","Feito","SIM","2h 48m","NAO","2h 47m","28/12/2025, 13:14:28"
"GC-8644","[System] Incident","SCRP_CX_69 a SCRP_CX_69D OFF","Fechada","Eduardo Oliveira","N/A","Feito","NAO","11m","NAO","51m","28/12/2025, 08:53:18"
"GC-8641","[System] Incident","POP LAG JUSTO 3 - Indisponivel","Fechada","NOC Grupo Cednet","N/A","Feito","N/A (Excluído)","N/A (Excluído)","NAO","10m","27/12/2025, 22:23:19"
"GC-8639","[System] Incident","SCQ TORRE ALEMOA - Indisponivel","Fechada","NOC Grupo Cednet","N/A","Feito","N/A (Excluído)","N/A (Excluído)","NAO","3h 4m","27/12/2025, 19:44:01"
"GC-8638","[System] Incident","TEJ_CX_06 indisponivel","Fechada","marco antonio pereira rodrigues","N/A","Feito","NAO","26m","NAO","26m","27/12/2025, 18:30:16"
"GC-8637","[System] Incident","PJ Fazenda Santa Cruz (R) - Lan /100","Fechada","claudio henrique dumas dias","N/A","Rejeitado","NAO","16m","NAO","18m","27/12/2025, 16:50:12"
"GC-8636","[System] Incident","GC TAG Bairro China - Indisponivel","Fechada","Daniel","Infraestrutura","Não fazer","NAO","9m","NAO","52m","27/12/2025, 15:06:47"
"GC-8635","[System] Incident","PRJ_CX_11G4 - OFF","Fechada","Maria Eduarda","N/A","Duplicado","NAO","6m","NAO","6m","27/12/2025, 11:55:59"
"GC-8634","[System] Incident","CC_CX_SL12 - Indisponível ","Fechada","julia marcelino","N/A","Feito","NAO","23m","NAO","4h 39m","27/12/2025, 10:08:07"
"GC-8633","[System] Incident","Torre Lixão - Indisponivel","Fechada","NOC Grupo Cednet","Infraestrutura","Feito","N/A (Excluído)","N/A (Excluído)","NAO","4h 45m","27/12/2025, 09:12:41"
"GC-8632","[System] Incident","CQCAP_BELAVISTA01_AC Indisponível","Fechada","Maria Luíza Oliveira e Silva","Infraestrutura","Feito","NAO","2m","SIM","6h 57m","27/12/2025, 07:49:09"
"GC-8629","[System] Incident","SCRP_CX_94A - Indisponível","Fechada","João Gabriel Povoa de Goes","Infraestrutura","Feito","SIM","32m","NAO","2h 17m","26/12/2025, 10:43:29"
"GC-8628","[System] Incident","PRJ_CX_82A5 - Indisponível ","Fechada","Elivelton Marques do Santos","N/A","Duplicado","NAO","13m","NAO","13m","26/12/2025, 09:18:50"
"GC-8627","[System] Incident","PRJ_CX_82A5 Indisponível","Fechada","Matheus Esposto Sagae","Infraestrutura","Feito","NAO","6m","NAO","1h 15m","26/12/2025, 09:17:20"
"GC-8624","[System] Incident","IPLK_DISTRITO_INDUSTRIAL_IxGRUPO_TEREZAN_M5 Indisponível","Fechada","Matheus Esposto Sagae","N/A","Feito","NAO","10m","NAO","4h 9m","25/12/2025, 16:29:37"
"GC-8623","[System] Incident","FTR Fazenda Vitoria - Indisponível","Fechada","Elivelton Marques do Santos","N/A","Feito","SIM","49m","NAO","1h 12m","25/12/2025, 13:37:04"
"GC-8622","[System] Incident","TBRAP_JPOENTE_AC Oscilando ","Fechada","Gabriel Almeida Mattos","N/A","Concluído","NAO","7m","NAO","7m","24/12/2025, 16:00:07"
"GC-8620","[System] Incident","OUR_A5_CTO_08A e ramificações - Indisponivel","Fechada","NOC Grupo Cednet","N/A","Feito","N/A (Excluído)","N/A (Excluído)","NAO","51m","24/12/2025, 10:13:53"
"GC-8618","[System] Incident","PRJ_CX_82F Indisponível","Fechada","Matheus Esposto Sagae","N/A","Feito","NAO","1m","NAO","1m","24/12/2025, 08:30:30"
"GC-8617","[System] Incident","CLPLLK_BAIRROJACINTOxFABRICIO","Fechada","Vinicius de Moraes","N/A","Feito","NAO","0m","NAO","3m","24/12/2025, 06:42:45"
"GC-8615","[System] Incident","RC Bechara (F) - Indisponivel","Fechada","NOC Grupo Cednet","N/A","Feito","N/A (Excluído)","N/A (Excluído)","NAO","2m","23/12/2025, 22:49:39"
"GC-8614","[System] Incident","TJP Bairro dos Pereiras (R) - Indisponivel","Fechada","Vinicius de Oliveira da Silva","N/A","Feito","NAO","10m","NAO","10m","23/12/2025, 21:45:31"
"GC-8612","[System] Incident","PTP BKP Aprust a PM SPT indiponivel ","Fechada","Infraestrutura","N/A","Feito","N/A (Excluído)","N/A (Excluído)","NAO","1h 44m","23/12/2025, 16:22:24"
"GC-8611","[System] Incident","ABREUS_CX_02 - INDISPONIVEL","Fechada","Gustavo Gigliotte Teixeira","N/A","Duplicado","NAO","2m","NAO","2m","23/12/2025, 15:47:27"
"GC-8610","[System] Incident","PTP Ribeirão Claro x Carlopolis - degradação","Fechada","NOC Grupo Cednet","N/A","Feito","N/A (Excluído)","N/A (Excluído)","NAO","4h 29m","23/12/2025, 15:47:14"
"GC-8608","[System] Incident","PTP Piraju x Tejupá - Erros na porta","Fechada","NOC Grupo Cednet","N/A","Rejeitado","N/A (Excluído)","N/A (Excluído)","N/A (Excluído)","N/A (Excluído)","23/12/2025, 15:32:46"
"GC-8604","[System] Incident","OUR_A4_CTO_63A1 - Indisponível ","Fechada","julia marcelino","Infraestrutura","Feito","NAO","28m","NAO","2h 43m","23/12/2025, 09:26:38"
"GC-8603","[System] Incident","IPP_CX_14C Indisponível","Fechada","Maria Luíza Oliveira e Silva","N/A","Feito","NAO","0m","NAO","2h 57m","23/12/2025, 07:33:08"
"GC-8602","[System] Incident","LINK BRASIL - Intermitente ","Fechada","NOC Grupo Cednet","N/A","Feito","N/A (Excluído)","N/A (Excluído)","N/A (Excluído)","N/A (Excluído)","22/12/2025, 20:25:20"
"GC-8600","[System] Incident","FTRAP_DANIEL_DIANAS_AC - OFF","Fechada","Maria Eduarda","N/A","Duplicado","NAO","10m","NAO","10m","22/12/2025, 17:33:36"
"GC-8599","[System] Incident","BA CX Dagua Antônio - Indisponivel.","Fechada","Daniel","N/A","Feito","NAO","4m","NAO","4m","22/12/2025, 16:26:01"
"GC-8597","[System] Incident","SCRP_CX_24 e ramificações.","Fechada","Leonardo Henrique ","N/A","Duplicado","NAO","3m","NAO","3m","22/12/2025, 15:27:31"
"GC-8596","[System] Incident","SCRP_CX_24C - Indisponivel.","Fechada","Daniel","N/A","Concluído","NAO","3m","NAO","4h 54m","22/12/2025, 15:25:53"
"GC-8595","[System] Incident","REP_CX_01 - INDISPONIVEL","Fechada","Gustavo Gigliotte Teixeira","N/A","Feito","NAO","2m","NAO","2m","22/12/2025, 14:16:04"
"GC-8594","[System] Incident","Intermitência Parcial","Fechada","NOC Grupo Cednet","N/A","Feito","N/A (Excluído)","N/A (Excluído)","NAO","8m","22/12/2025, 13:06:49"
"GC-8592","[System] Incident","PTP Chavantes x Morro","Fechada","NOC Grupo Cednet","NOC Grupo Cednet","Feito","N/A (Excluído)","N/A (Excluído)","NAO","2h 27m","22/12/2025, 11:11:44"
"GC-8591","[System] Incident","CLPL SHIRLEY - Indisponível","Fechada","João Gabriel Povoa de Goes","N/A","Feito","NAO","2m","NAO","4m","22/12/2025, 10:59:06"
"GC-8589","[System] Incident","CLPL SHIRLEY Indisponível","Fechada","Maria Luíza Oliveira e Silva","N/A","Não fazer","NAO","17m","NAO","17m","22/12/2025, 08:04:18"
"GC-8588","[System] Incident","RB_CX_04B - Indisponível","Fechada","Andrew Oliveira","N/A","Feito","SIM","54m","NAO","1h 14m","21/12/2025, 22:01:22"
"GC-8587","[System] Incident","A4_CTO_72E OFF","Fechada","Marcos Vinicius Cardoso","N/A","Feito","NAO","1m","NAO","1h 7m","21/12/2025, 18:47:22"
"GC-8586","[System] Incident","PRJ_CX_74C - Indisponivel","Fechada","Daniel","N/A","Concluído","NAO","9m","NAO","1h 34m","21/12/2025, 16:48:07"
"GC-8585","[System] Incident","BA CX Dagua Antônio (Parte Norte) (R) - OFF","Fechada","Gustavo Gigliotte Teixeira","N/A","Concluído","SIM","1h 58m","NAO","1h 58m","21/12/2025, 16:17:48"
"GC-8584","[System] Incident","PTP Piraju a Tejupá- Indisponível","Fechada","Infraestrutura","N/A","Feito","N/A (Excluído)","N/A (Excluído)","SIM","13h 56m","21/12/2025, 11:32:28"
"GC-8582","[System] Incident","BC Pedreira do Bucha - indisponível","Fechada","NOC Grupo Cednet","Infraestrutura","Feito","N/A (Excluído)","N/A (Excluído)","NAO","22m","20/12/2025, 16:04:43"
"GC-8578","[System] Incident","BCI_CX_39C - OFF","Fechada","Alisson Miguel Bertocci","Infraestrutura","Feito","NAO","21m","NAO","4h","20/12/2025, 09:34:48"
"GC-8577","[System] Incident","CF_CX_02B - Indisponível","Fechada","João Gabriel Povoa de Goes","N/A","Não fazer","SIM","45m","NAO","45m","19/12/2025, 10:42:53"
"GC-8572","[System] Incident","SRT EDUVALE ","Fechada","Vinicius de Moraes","N/A","Feito","NAO","0m","NAO","5h 7m","19/12/2025, 06:55:38"
"GC-8571","[System] Incident","PRJ Quitanda OFF -  Afetando PJ Fishtex PJ Posto Jurumirim","Fechada","Vinicius de Moraes","N/A","Feito","NAO","0m","NAO","3m","19/12/2025, 06:26:57"
"GC-8570","[System] Incident","BCI_CX_39F - Indisponível","Fechada","Andrew Oliveira","N/A","Feito","NAO","23m","NAO","1h 47m","18/12/2025, 21:31:43"
"GC-8569","[System] Incident","Cednet Play - Canal CNN com travamentos.","Fechada","Andrew Oliveira","N/A","Não fazer","NAO","13m","NAO","13m","18/12/2025, 20:20:35"
"GC-8566","[System] Incident","TBR Poste Fazenda N S Jaqueline - Indiponível","Fechada","NOC Grupo Cednet","N/A","Feito","N/A (Excluído)","N/A (Excluído)","NAO","1m","18/12/2025, 17:29:32"
"GC-8565","[System] Incident","CC_CX_43E e ramificações off","Fechada","Luiz Gustavo Bachiega","N/A","Concluído","NAO","11m","NAO","57m","18/12/2025, 16:21:46"
"GC-8561","[System] Incident"," PTP Taguaí x Fartura - Indisponivel","Fechada","NOC Grupo Cednet","NOC Grupo Cednet","Feito","N/A (Excluído)","N/A (Excluído)","NAO","3h 34m","18/12/2025, 10:46:58"
"GC-8560","[System] Incident","CLPL Aguinaldo Fernandes - intermitente","Fechada","NOC Grupo Cednet","NOC Grupo Cednet","Feito","N/A (Excluído)","N/A (Excluído)","NAO","2h 52m","18/12/2025, 10:30:27"
"GC-8559","[System] Incident","SW-EDUVALE-SRT - Sem gerencia","Fechada","NOC Grupo Cednet","N/A","Feito","N/A (Excluído)","N/A (Excluído)","NAO","11m","18/12/2025, 09:53:14"
"GC-8558","[System] Incident","SRT EDUVALE - Radios OESTE /100","Fechada","NOC Grupo Cednet","Infraestrutura","Feito","N/A (Excluído)","N/A (Excluído)","NAO","35m","18/12/2025, 09:16:46"
"GC-8557","[System] Incident","Poste Sidney - Indisponivel","Fechada","NOC Grupo Cednet","Infraestrutura","Falha de Software","N/A (Excluído)","N/A (Excluído)","NAO","9m","18/12/2025, 08:53:00"
"GC-8556","[System] Incident","TBR Poste Fazenda N S Jaqueline - Indiponível","Fechada","João Gabriel Povoa de Goes","N/A","Concluído","NAO","16m","NAO","25m","18/12/2025, 07:56:19"
"GC-8554","[System] Incident","REP_CX_02 e ramificações - DEGRADAÇÃO DE SINAL ","Fechada","NOC Grupo Cednet","N/A","Concluído","N/A (Excluído)","N/A (Excluído)","NAO","21m","17/12/2025, 18:01:53"
"GC-8552","[System] Incident","IB_CX_08D3 até IB_CX_08D4 - Indisponivel.","Fechada","Daniel","N/A","Concluído","NAO","15m","NAO","3h 50m","17/12/2025, 15:36:07"
"GC-8550","[System] Incident","CLPL SHIRLEY - Indisponível.","Fechada","Elivelton Marques do Santos","N/A","Feito","SIM","30m","NAO","31m","17/12/2025, 11:39:02"
"GC-8549","[System] Incident","FTR Recanto dos Passaros - Indisponível","Fechada","João Gabriel Povoa de Goes","N/A","Feito","SIM","39m","NAO","55m","17/12/2025, 11:37:58"
"GC-8548","[System] Incident","PTP Chavantes x Ribeirão Claro - indisponível","Fechada","NOC Grupo Cednet","Infraestrutura","Concluído","N/A (Excluído)","N/A (Excluído)","SIM","8h 5m","17/12/2025, 10:28:20"
"GC-8547","[System] Incident","PRJ_CX_81 Indisponível","Fechada","Maria Luíza Oliveira e Silva","N/A","Feito","NAO","9m","NAO","49m","17/12/2025, 10:21:38"
"GC-8543","[System] Incident","SW-DATACOM-PRJ - indisponível","Fechada","NOC Grupo Cednet","N/A","Feito","N/A (Excluído)","N/A (Excluído)","NAO","2h 36m","17/12/2025, 08:04:26"
"GC-8542","[System] Incident","TAG_CX_26A2 - LOS ","Fechada","Mayara Fernandes Figueiredo","N/A","Concluído","NAO","10m","NAO","1h 42m","16/12/2025, 17:28:27"
"GC-8540","[System] Incident","MR_CTO_04E com LOSS ","Fechada","Alexsander de Oliveira Brazão","N/A","Concluído","NAO","12m","NAO","1h 39m","16/12/2025, 13:11:20"
"GC-8538","[System] Incident","CHV_CX_35A - OFF","Fechada","Maria Eduarda","Infraestrutura","Feito","NAO","8m","NAO","4h 55m","16/12/2025, 12:29:42"
"GC-8537","[System] Incident","MDR_CX_14D-Indisponível","Fechada","Elivelton Marques do Santos","Infraestrutura","Feito","NAO","1m","NAO","1h 28m","16/12/2025, 11:23:30"
"GC-8536","[System] Incident","CC_CX_55A - indisponível ","Fechada","Elivelton Marques do Santos","Infraestrutura","Concluído","NAO","11m","NAO","1h 32m","16/12/2025, 10:45:33"
"GC-8534","[System] Incident","PRJ_CX_47B Indisponível","Fechada","Elivelton Marques do Santos","N/A","Feito","NAO","27m","NAO","27m","16/12/2025, 10:11:03"
"GC-8533","[System] Incident","OUR_A4_CX_73 a 76 - Indisponivel","Fechada","NOC Grupo Cednet","N/A","Feito","N/A (Excluído)","N/A (Excluído)","NAO","1m","16/12/2025, 07:48:58"
"GC-8532","[System] Incident","PJ Parque Ecologico Monte Alegre - INDISPONÍVEL","Fechada","Chrystyan Albuquerque","Infraestrutura","Feito","NAO","0m","NAO","2h 18m","16/12/2025, 05:40:02"
"GC-8530","[System] Incident","FTR TORRE TV -  INDISPONÍVEL ","Fechada","NOC Grupo Cednet","N/A","Concluído","N/A (Excluído)","N/A (Excluído)","NAO","1m","15/12/2025, 19:58:59"
"GC-8529","[System] Incident","RC Bechara (F) - INDISPONÍVEL","Fechada","NOC Grupo Cednet","N/A","Concluído","N/A (Excluído)","N/A (Excluído)","NAO","1h 37m","15/12/2025, 18:37:35"
"GC-8524","[System] Incident","PRJ_CX_NV_01A - OFF","Fechada","Maria Eduarda","Infraestrutura","Concluído","NAO","17m","NAO","4h 7m","15/12/2025, 12:28:52"
"GC-8523","[System] Incident","IPP_CTO_53 - Indisponivel.","Fechada","Daniel","N/A","Duplicado","NAO","3m","NAO","3m","15/12/2025, 11:44:58"
"GC-8522","[System] Incident","IPP_CTO_61A7 - Indisponível","Fechada","João Gabriel Povoa de Goes","NOC Grupo Cednet","Feito","NAO","4m","NAO","2h 48m","15/12/2025, 09:10:11"
"GC-8521","[System] Incident","RC Morro Tayaya Indisponível","Fechada","Maria Luíza Oliveira e Silva","N/A","Feito","NAO","0m","NAO","0m","15/12/2025, 07:16:00"
"GC-8520","[System] Incident","SCRP_CX_80E - Indisponível","Fechada","Chrystyan Albuquerque","Infraestrutura","Feito","NAO","0m","NAO","56m","15/12/2025, 06:19:21"
"GC-8518","[System] Incident","BCI_CX_16A6 - OFF","Fechada","Gustavo Gigliotte Teixeira","N/A","Feito","NAO","19m","NAO","1h 11m","14/12/2025, 12:25:03"
"GC-8517","[System] Incident","SRT CX D Água Banco da Terra (R)","Fechada","Infraestrutura","Infraestrutura","Feito","N/A (Excluído)","N/A (Excluído)","NAO","9m","14/12/2025, 09:40:29"
"GC-8516","[System] Incident","CC_X_AVR_CX_02D - Indisponivel.","Fechada","Daniel","Infraestrutura","Feito","NAO","4m","NAO","44m","13/12/2025, 16:31:53"
"GC-8515","[System] Incident","CLPL Sítio Santo Antônio (R) - OFF","Fechada","Gustavo Gigliotte Teixeira","N/A","Não fazer","SIM","1h 27m","NAO","1h 27m","13/12/2025, 12:01:13"
"GC-8514","[System] Incident","BC Torre Jardim Brasil I Indisponível","Fechada","Maria Luíza Oliveira e Silva","Infraestrutura","Feito","NAO","24m","NAO","1h 18m","13/12/2025, 07:25:08"
"GC-8512","[System] Incident","RCLK_FAZBOAVISTA_AC - OFF","Fechada","luiz henrique da silva","Infraestrutura","Feito","NAO","4m","NAO","1h 46m","12/12/2025, 18:33:12"
"GC-8511","[System] Incident","FTR Akei Animal (F) - OFF","Fechada","Gustavo Gigliotte Teixeira","N/A","Feito","NAO","8m","NAO","24m","12/12/2025, 16:18:17"
"GC-8510","[System] Incident","SCRP Silo Cerealista Nardo (R) - OFF","Fechada","Maria Eduarda","N/A","Feito","NAO","14m","NAO","58m","12/12/2025, 15:24:19"
"GC-8509","[System] Incident","LAGAP_BVISTA_AC - OFF","Fechada","Maria Eduarda","Infraestrutura","Duplicado","NAO","4m","NAO","5m","12/12/2025, 14:58:06"
"GC-8508","[System] Incident","CLPL Alto Dos Diogos OFF","Fechada","Leonardo Henrique ","N/A","Não fazer","NAO","28m","NAO","1h 1m","12/12/2025, 14:57:21"
"GC-8507","[System] Incident","ASB_CTO_23A - Los","Fechada","Julberto Capra Jr","N/A","Feito","NAO","13m","NAO","2h 24m","12/12/2025, 14:55:22"
"GC-8506","[System] Incident","CHV Torre Fazenda Santa Rosa (R) - OFF","Fechada","Maria Eduarda","N/A","Feito","NAO","18m","NAO","3h 51m","12/12/2025, 14:24:58"
"GC-8505","[System] Incident","SCRPAP_RESTGALEGO_SE_AC - OFF","Fechada","Maria Eduarda","N/A","Feito","SIM","54m","NAO","2h 40m","12/12/2025, 12:59:17"
"GC-8504","[System] Incident","SCRP_CX_80E - Indisponivel","Fechada","Emanuel","N/A","Duplicado","SIM","51m","NAO","51m","12/12/2025, 12:49:31"
"GC-8503","[System] Incident","PRJLK_JUSTO1xJML_AC - Indisponível ","Fechada","julia marcelino","Infraestrutura","Feito","SIM","34m","NAO","49m","12/12/2025, 12:48:42"
"GC-8502","[System] Incident","FAZ_COCAES_CX_01 - Off","Fechada","claudio henrique dumas dias","N/A","Duplicado","SIM","34m","NAO","58m","12/12/2025, 12:41:51"
"GC-8501","[System] Incident","FTR Recanto dos Pássaros (R) off","Fechada","Luiz Gustavo Bachiega","Infraestrutura","Feito","SIM","1h 9m","NAO","2h 24m","12/12/2025, 12:40:46"
"GC-8499","[System] Incident","SPT APRUST - Indisponível","Fechada","João Gabriel Povoa de Goes","N/A","Feito","NAO","12m","NAO","3h 43m","12/12/2025, 10:54:04"
"GC-8498","[System] Incident","SCRP_CX_80E - Indisponível","Fechada","João Gabriel Povoa de Goes","Infraestrutura","Feito","NAO","14m","NAO","4h 7m","12/12/2025, 09:32:02"
"GC-8497","[System] Incident","OUR_A4_CTO_58D2 - Indisponível","Fechada","Reniany","N/A","Rejeitado","NAO","0m","NAO","0m","12/12/2025, 06:48:49"
"GC-8495","[System] Incident","CLPL Aguinaldo Fernandes - Intermitente","Fechada","luiz henrique da silva","N/A","Feito","NAO","5m","NAO","5m","11/12/2025, 21:07:27"
"GC-8494","[System] Incident","LINK BRASIL - Intermitente ","Fechada","NOC Grupo Cednet","N/A","Concluído","N/A (Excluído)","N/A (Excluído)","N/A (Excluído)","N/A (Excluído)","11/12/2025, 20:56:53"
"GC-8493","[System] Incident","BASE JURANDIR - OFF","Fechada","luiz henrique da silva","N/A","Feito","NAO","2m","NAO","2m","11/12/2025, 19:48:46"
"GC-8492","[System] Incident","FTR Fazenda Boa Vista OFF","Fechada","luiz henrique da silva","N/A","Concluído","NAO","3m","NAO","3m","11/12/2025, 19:16:14"
"GC-8491","[System] Incident","OUR_A3_CTO_02D - Indisponível","Fechada","Andrew Oliveira","N/A","Feito","NAO","1m","NAO","1h 59m","11/12/2025, 19:00:51"
"GC-8490","[System] Incident","OUR_A4_CTO_58D2 OFF","Fechada","Gabriel Almeida Mattos","N/A","Concluído","NAO","4m","NAO","1h 51m","11/12/2025, 18:32:33"
"GC-8489","[System] Incident","PTP Óleo x Águas de Santa Barbará - indisponível","Fechada","NOC Grupo Cednet","Infraestrutura","Feito","N/A (Excluído)","N/A (Excluído)","NAO","1h 59m","11/12/2025, 12:38:25"
"GC-8488","[System] Incident","SQC POSTE RONALDO OFF","Fechada","Leonardo Henrique ","Infraestrutura","Feito","NAO","10m","NAO","57m","11/12/2025, 12:11:58"
"GC-8485","[System] Incident","SCRP_CX_80F - Indisponível","Fechada","Marcio David Pereira do Carmo","N/A","Concluído","NAO","14m","NAO","4h 49m","11/12/2025, 10:44:14"
"GC-8483","[System] Incident","OUR_A7_CTO_07E1 - Los","Fechada","Julberto Capra Jr","N/A","Feito","NAO","6m","NAO","2h 31m","11/12/2025, 10:35:33"
"GC-8480","[System] Incident","RC_BASE_BECHARA_MERCADO - Off","Fechada","luiz henrique da silva","Infraestrutura","Feito","NAO","22m","NAO","2h 28m","10/12/2025, 20:27:28"
"GC-8479","[System] Incident","	PJ Poste Ailton OFF","Fechada","Marcos Vinicius Cardoso","N/A","Feito","NAO","1m","NAO","1m","10/12/2025, 18:45:27"
"GC-8478","[System] Incident","SALTO_IT_CX_07B OFF","Fechada","Leonardo Henrique ","Infraestrutura","Feito","NAO","3m","NAO","1h 3m","10/12/2025, 17:42:54"
"GC-8477","[System] Incident","Link Brasil - Indisponivel","Fechada","NOC Grupo Cednet","N/A","Concluído","N/A (Excluído)","N/A (Excluído)","N/A (Excluído)","N/A (Excluído)","10/12/2025, 15:49:19"
"GC-8476","[System] Incident","CC_CX_74 e ramificações off","Fechada","Leonardo Henrique ","N/A","Concluído","SIM","50m","NAO","2h 11m","10/12/2025, 15:17:32"
"GC-8475","[System] Incident","PJ Fazenda Acaua - indisponível","Fechada","Fernando Felipe Constantino Callegari","Infraestrutura","Concluído","SIM","1h","NAO","1h 19m","10/12/2025, 14:44:40"
"GC-8474","[System] Incident","UFINET - Indisponivel","Fechada","NOC Grupo Cednet","N/A","Concluído","N/A (Excluído)","N/A (Excluído)","N/A (Excluído)","N/A (Excluído)","10/12/2025, 14:30:51"
"GC-8473","[System] Incident","OUR_A4_CTO_71F - Indisponível ","Fechada","Luan Borges","N/A","Concluído","SIM","1h 42m","NAO","3h 41m","10/12/2025, 13:50:25"
"GC-8472","[System] Incident","Indisponibilidade em CLPL_CX_NB_02","Fechada","Gustavo Gigliotte Teixeira","N/A","Feito","SIM","1h 9m","NAO","1h 9m","10/12/2025, 13:49:23"
"GC-8471","[System] Incident","CLPL NOVA BRASILIA OFF","Fechada","Leonardo Henrique ","N/A","Duplicado","NAO","18m","NAO","1h 10m","10/12/2025, 13:48:56"
"GC-8470","[System] Incident","RB Poste Lais OFF","Fechada","Leonardo Henrique ","Infraestrutura","Erro conhecido","SIM","1h 39m","NAO","3h 25m","10/12/2025, 12:17:12"
"GC-8469","[System] Incident","PJ Poste Sidney - indisponível","Fechada","NOC Grupo Cednet","Infraestrutura","Feito","N/A (Excluído)","N/A (Excluído)","NAO","30m","10/12/2025, 10:32:27"
"GC-8467","[System] Incident","CLPL Recanto Paraíso (R) - Indisponível","Fechada","João Gabriel Povoa de Goes","Infraestrutura","Feito","NAO","10m","NAO","1h 10m","10/12/2025, 09:41:00"
"GC-8466","[System] Incident","IPAP_TRRAIZEN_AC Indisponível","Fechada","Maria Luíza Oliveira e Silva","N/A","Feito","NAO","25m","SIM","15h 24m","10/12/2025, 09:26:54"
"GC-8462","[System] Incident","SCRP-OLT5  PON_1/1/2  CX_183 até CX_189B","Fechada","Vinicius de Moraes","N/A","Feito","NAO","0m","NAO","0m","10/12/2025, 06:16:34"
"GC-8461","[System] Incident","CC_CX_37I - Indisponível","Fechada","Andrew Oliveira","Infraestrutura","Feito","NAO","4m","SIM","15h 47m","09/12/2025, 23:55:01"
"GC-8459","[System] Incident","FTR Bairro Pinheirinho - indisponível","Fechada","Guilherme Bacchiega de Jesus","Infraestrutura","Feito","NAO","1m","NAO","18m","09/12/2025, 20:08:52"
"GC-8458","[System] Incident","OUR_A2_CTO_03A3 e dependentes - Indisponível","Fechada","Guilherme Bacchiega de Jesus","N/A","Concluído","NAO","1m","NAO","1h 51m","09/12/2025, 19:09:11"
"GC-8457","[System] Incident"," LK_AC_MURZILOXFABRICIO - Off","Fechada","luiz henrique da silva","NOC Grupo Cednet","Feito","NAO","2m","NAO","2m","09/12/2025, 19:03:13"
"GC-8456","[System] Incident","UFINET - Instável","Fechada","NOC Grupo Cednet","N/A","Feito","N/A (Excluído)","N/A (Excluído)","N/A (Excluído)","N/A (Excluído)","09/12/2025, 17:34:03"
"GC-8454","[System] Incident","FTR Recanto dos Pássaros (R) - OFF","Fechada","Maria Eduarda","Infraestrutura","Feito","NAO","18m","NAO","1h 42m","09/12/2025, 16:36:45"
"GC-8453","[System] Incident","OL_CX_01E - Indisponivel.","Fechada","Daniel","N/A","Concluído","NAO","11m","NAO","1h 52m","09/12/2025, 15:00:00"
"GC-8452","[System] Incident","CLPL Aguinaldo Fernandes (R) - OFF","Fechada","Maria Eduarda","N/A","Feito","NAO","15m","NAO","4h 12m","09/12/2025, 14:08:59"
"GC-8451","[System] Incident","FTRAP_RECPARAISO_AC off","Fechada","Luiz Gustavo Bachiega","N/A","Feito","NAO","14m","NAO","17m","09/12/2025, 14:02:52"
"GC-8450","[System] Incident","FTRLK_TORRETVx203230NIRIA_AC - OFF","Fechada","claudio henrique dumas dias","N/A","Feito","NAO","6m","NAO","11m","09/12/2025, 13:05:55"
"GC-8449","[System] Incident","SCRP_CX_163C - OFF","Fechada","Alisson Miguel Bertocci","N/A","Feito","NAO","9m","NAO","1h 4m","09/12/2025, 10:59:01"
"GC-8448","[System] Incident","indisponilidade da caixa SALTO_IT_07C","Fechada","vicente dutra de sousa","N/A","Feito","NAO","7m","NAO","1h 53m","09/12/2025, 09:59:20"
"GC-8447","[System] Incident","OUR_A6_CTO_30F - Indisponível","Fechada","Marcio David Pereira do Carmo","N/A","Feito","NAO","8m","NAO","2h 33m","09/12/2025, 09:41:02"
"GC-8444","[System] Incident","TBR_CX_21B Indisponível ","Fechada","julia marcelino","N/A","Feito","NAO","0m","NAO","2h 21m","09/12/2025, 07:22:59"
"GC-8441","[System] Incident","USINA_CX_07 off","Fechada","Luiz Gustavo Bachiega","N/A","Duplicado","NAO","10m","NAO","10m","08/12/2025, 17:26:26"
"GC-8440","[System] Incident","OUR X SCRP - Indisponível","Fechada","NOC Grupo Cednet","N/A","Concluído","N/A (Excluído)","N/A (Excluído)","NAO","3h 30m","08/12/2025, 17:24:54"
"GC-8438","[System] Incident","CTG Jurumirin - indisponivel","Fechada","NOC Grupo Cednet","N/A","Feito","N/A (Excluído)","N/A (Excluído)","NAO","37m","08/12/2025, 13:02:45"
"GC-8434","[System] Incident","OUR_A6_CTO_21B2 - Los","Fechada","Julberto Capra Jr","N/A","Concluído","NAO","5m","NAO","3h","08/12/2025, 08:27:09"
"GC-8432","[System] Incident","JT Morro Chato Indisponível ","Fechada","julia marcelino","Infraestrutura","Feito","NAO","0m","NAO","2m","08/12/2025, 07:19:31"
"GC-8431","[System] Incident","CedNet Play - canais instáveis.","Fechada","Vinicius de Oliveira da Silva","N/A","Não fazer","NAO","2m","NAO","2m","07/12/2025, 22:03:10"
"GC-8430","[System] Incident","PJ Zauri - indisponível","Fechada","Fernando Felipe Constantino Callegari","N/A","Concluído","NAO","8m","NAO","10m","07/12/2025, 16:00:30"
"GC-8429","[System] Incident","SCRP_CTO_121E - Indisponível ","Fechada","Luan Borges","N/A","Feito","NAO","5m","NAO","4h 22m","07/12/2025, 15:57:13"
"GC-8428","[System] Incident","Oscilação de energia IPP","Fechada","Leonardo Henrique ","N/A","Feito","SIM","1h 58m","NAO","1h 58m","07/12/2025, 13:06:50"
"GC-8427","[System] Incident","caixa com loss CC_CX_EM_03","Fechada","vicente dutra de sousa","N/A","Duplicado","NAO","4m","NAO","4m","06/12/2025, 15:16:25"
"GC-8426","[System] Incident","FTR Daniel Dianas (R) - OFF","Fechada","Maria Eduarda","N/A","Duplicado","NAO","3m","NAO","3m","06/12/2025, 15:10:57"
"GC-8425","[System] Incident","BAAP_BANTONINA03_AC - OFF","Fechada","Gustavo Gigliotte Teixeira","N/A","Feito","NAO","8m","NAO","8m","06/12/2025, 14:52:12"
"GC-8422","[System] Incident","CC_CX_EM_01 - Indisponível","Fechada","Marcio David Pereira do Carmo","Infraestrutura","Feito","SIM","32m","NAO","45m","06/12/2025, 08:55:07"
"GC-8421","[System] Incident","TAQ_CX_06C - Indisponível","Fechada","Andrew Oliveira","Infraestrutura","Feito","NAO","14m","NAO","1h 36m","05/12/2025, 20:20:24"
"GC-8419","[System] Incident","TAG_CTO_71G1 Indisponível","Fechada","Matheus Esposto Sagae","Infraestrutura","Feito","NAO","15m","NAO","3h 6m","05/12/2025, 09:32:30"
"GC-8418","[System] Incident","PRJ_CX_47G - Indisponível","Fechada","João Gabriel Povoa de Goes","N/A","Duplicado","NAO","0m","NAO","0m","05/12/2025, 07:16:19"
"GC-8417","[System] Incident","Indisponibilidade PJ Parque Ecologico Monte Alegre","Fechada","Chrystyan Albuquerque","Infraestrutura","Feito","NAO","0m","NAO","3h 51m","05/12/2025, 06:50:24"
"GC-8416","[System] Incident","LINK BRASIL - Intermitente ","Fechada","NOC Grupo Cednet","N/A","Concluído","N/A (Excluído)","N/A (Excluído)","N/A (Excluído)","N/A (Excluído)","04/12/2025, 15:38:59"
"GC-8415","[System] Incident","BC Pedreira do Bucha - indisponível","Fechada","NOC Grupo Cednet","N/A","Feito","N/A (Excluído)","N/A (Excluído)","NAO","1m","04/12/2025, 11:31:20"
"GC-8414","[System] Incident","caixa OUR_A3_CTO_26B1 off","Fechada","vicente dutra de sousa","N/A","Concluído","NAO","7m","NAO","2h","04/12/2025, 10:50:46"
"GC-8413","[System] Incident","PTP Santa Cruz x São Pedro - indisponivel","Fechada","NOC Grupo Cednet","Infraestrutura","Feito","N/A (Excluído)","N/A (Excluído)","NAO","2h 3m","04/12/2025, 10:14:04"
"GC-8412","[System] Incident","Cednet Play - Canais instáveis","Fechada","luiz henrique da silva","N/A","Não fazer","SIM","2h 53m","NAO","2h 53m","03/12/2025, 21:06:34"
"GC-8411","[System] Incident","PTP BKP Cabo Net - INDISPONÍVEL ","Fechada","NOC Grupo Cednet","N/A","Concluído","N/A (Excluído)","N/A (Excluído)","NAO","1m","03/12/2025, 20:59:08"
"GC-8410","[System] Incident","Link AVA/Ufinet - Intermitente","Fechada","NOC Grupo Cednet","N/A","Concluído","N/A (Excluído)","N/A (Excluído)","N/A (Excluído)","N/A (Excluído)","03/12/2025, 20:50:59"
"GC-8409","[System] Incident","RB Torre Sabia (TJP TORRE POLICIA) - INDISPONÍVEL","Fechada","NOC Grupo Cednet","Infraestrutura","Feito","N/A (Excluído)","N/A (Excluído)","NAO","43m","03/12/2025, 20:16:15"
"GC-8408","[System] Incident","OUR_A4_CTO_76 - OFF","Fechada","Gustavo Gigliotte Teixeira","N/A","Concluído","NAO","11m","NAO","5h 33m","03/12/2025, 17:13:08"
"GC-8407","[System] Incident","PRJ_CX_47D até PRJ_CX_47h - Indisponivel.","Fechada","Daniel","N/A","Feito","NAO","6m","NAO","8m","03/12/2025, 14:37:38"
"GC-8406","[System] Incident","ABREUS_CX_02 Indisponível ","Fechada","Matheus Esposto Sagae","N/A","Feito","NAO","13m","NAO","2h 10m","03/12/2025, 12:30:56"
"GC-8405","[System] Incident","PTP Ourinhos x Santa Cruz - Indisponivel","Fechada","NOC Grupo Cednet","N/A","Feito","N/A (Excluído)","N/A (Excluído)","NAO","1h 22m","03/12/2025, 10:04:00"
"GC-8403","[System] Incident","RC_CX_41 - Indisponível","Fechada","julia marcelino","N/A","Feito","NAO","1m","NAO","59m","03/12/2025, 09:30:05"
"GC-8402","[System] Incident","SALTO_IT_CX_02D Indisponível","Fechada","Matheus Esposto Sagae","Infraestrutura","Feito","NAO","1m","NAO","3h 32m","03/12/2025, 07:52:10"
"GC-8401","[System] Incident","CHV_CX_35C e CHV_CX_35D - INDISPONÍVEL","Fechada","Chrystyan Albuquerque","N/A","Feito","NAO","0m","NAO","18m","03/12/2025, 06:12:32"
"GC-8400","[System] Incident","CLPLAP_BAIRROJACINTO_NE_AC off","Fechada","Luiz Gustavo Bachiega","N/A","Duplicado","NAO","7m","NAO","7m","02/12/2025, 17:48:28"
"GC-8399","[System] Incident","PTP Carlópolis x Salto do Itarare - Atenuado.","Fechada","NOC Grupo Cednet","N/A","Concluído","N/A (Excluído)","N/A (Excluído)","NAO","1h 58m","02/12/2025, 17:42:22"
"GC-8398","[System] Incident","ALE_CX_02 até 13 e ramificações","Fechada","Fernando Felipe Constantino Callegari","N/A","Duplicado","NAO","3m","NAO","3m","02/12/2025, 17:40:45"
"GC-8396","[System] Incident","Ilha Bela - indisponivel","Fechada","NOC Grupo Cednet","Infraestrutura","Feito","N/A (Excluído)","N/A (Excluído)","NAO","4h 14m","02/12/2025, 15:28:58"
"GC-8391","[System] Incident","TAQ_CX_05 - OFF","Fechada","Gustavo Gigliotte Teixeira","N/A","Feito","NAO","9m","NAO","37m","01/12/2025, 15:50:59"
"GC-8390","[System] Incident","Indisponibilidade >> IB_CX_15","Fechada","Alexsander de Oliveira Brazão","Infraestrutura","Concluído","NAO","7m","NAO","1h 57m","01/12/2025, 15:33:33"
"GC-8389","[System] Incident","SCRP_CX_67 até SCRP_CX_69D off","Fechada","Leonardo Henrique ","N/A","Concluído","NAO","2m","NAO","43m","01/12/2025, 13:56:03"
"GC-8388","[System] Incident","Ribeirão bonito OFF","Fechada","Leonardo Henrique ","Infraestrutura","Feito","NAO","14m","NAO","1h 35m","01/12/2025, 11:39:05"
"GC-8387","[System] Incident","SB Fazenda Ouro Branco (R) - OFF","Fechada","Maria Eduarda","N/A","Não fazer","NAO","21m","NAO","1h 11m","01/12/2025, 11:32:40"
"GC-8673","[System] Problem","TEJ_CX_08 - Caixa atenuada","Fechada","Daniel","N/A","Rejeitado","SIM","3h 16m","NAO","3h 16m","31/12/2025, 12:11:52"
"GC-8660","[System] Problem"," GC FTR Bortotti - Barrando em 100 mb","Fechada","Vinicius de Oliveira da Silva","Infraestrutura","Feito","NAO","4m","NAO","4m","29/12/2025, 22:22:30"
"GC-8648","[System] Problem","Justo 3 - Manutenção parte Eletrica.","Fechada","NOC Grupo Cednet","Infraestrutura","Feito","N/A (Excluído)","N/A (Excluído)","NAO","2h 59m","28/12/2025, 16:13:30"
"GC-8642","[System] Problem","TJP BAIRRO FELIX - Intermitente","Fechada","Marcos Vinicius Cardoso","Infraestrutura","Feito","SIM","35m","NAO","3h 58m","27/12/2025, 22:25:23"
"GC-8640","[System] Problem","LAG JUSTO 3 - Intermitente","Fechada","Andrew Oliveira","N/A","Feito","NAO","26m","NAO","25m","27/12/2025, 19:56:21"
"GC-8630","[System] Problem","SRT Torre Eduvale (F)","Fechada","Maria Eduarda","Infraestrutura","Feito","SIM","1h 27m","NAO","2h 17m","26/12/2025, 13:49:00"
"GC-8626","[System] Problem","Possivel Interferência FTRAP_TORRETV_LEFT_AC","Fechada","Gabriel Almeida Mattos","Infraestrutura","Feito","SIM","2h 9m","SIM","10h 50m","25/12/2025, 22:21:40"
"GC-8625","[System] Problem","TJPAP_BAIRROFELIX6_AC LENTIDÃO ","Fechada","Gabriel Almeida Mattos","Infraestrutura","Feito","NAO","24m","NAO","27m","25/12/2025, 20:09:10"
"GC-8621","[System] Problem","OUR_A7_CTO_08F - Fibra atenuada","Fechada","Elivelton Marques do Santos","N/A","Feito","NAO","9m","NAO","22m","24/12/2025, 10:23:14"
"GC-8606","[System] Problem","FTR_TBR_CX_09A1 - ATENUAÇÂO","Fechada","Gustavo Gigliotte Teixeira","Infraestrutura","Feito","NAO","20m","SIM","102h 56m","23/12/2025, 12:25:10"
"GC-8590","[System] Problem","OUR_A4_CTO_24B9 - Potencia alta","Fechada","Julberto Capra Jr","N/A","Duplicado","NAO","7m","NAO","7m","22/12/2025, 10:51:37"
"GC-8581","[System] Problem","CT_CX_09 - Sinal alto","Fechada","Alisson Miguel Bertocci","N/A","Feito","NAO","24m","SIM","6h 26m","20/12/2025, 15:29:46"
"GC-8579","[System] Problem","CLPL Recanto Paraíso - Apresentando lentidão.","Fechada","Elivelton Marques do Santos","Infraestrutura","Feito","NAO","21m","SIM","127h 1m","20/12/2025, 09:45:36"
"GC-8576","[System] Problem","OLT2-OUR-DATACOM-ITAMARATY - Porta com erros","Fechada","NOC Grupo Cednet","Infraestrutura","Feito","N/A (Excluído)","N/A (Excluído)","SIM","52h 52m","19/12/2025, 10:09:22"
"GC-8568","[System] Problem","OUR_A4_CTO_24B9 - Atenuação","Fechada","NOC Grupo Cednet","Infraestrutura","Feito","N/A (Excluído)","N/A (Excluído)","NAO","4h 20m","18/12/2025, 19:48:49"
"GC-8551","[System] Problem","Nova Piraju - Sem energia ","Fechada","Infraestrutura","Infraestrutura","Feito","N/A (Excluído)","N/A (Excluído)","NAO","4m","17/12/2025, 13:45:12"
"GC-8541","[System] Problem","PRJ_CTO_09D - atenuado","Fechada","Fernando Felipe Constantino Callegari","Infraestrutura","Feito","NAO","5m","NAO","2h","16/12/2025, 13:56:10"
"GC-8527","[System] Problem","RC_CX_VT_01A1 - Potencia Alta","Pending","Julberto Capra Jr","N/A","Em Aberto","NAO","25m","N/A","N/A","15/12/2025, 17:19:49"
"GC-8525","[System] Problem","OUR_A3_CTO_18A4 caixa com db alto ","Pending","vicente dutra de sousa","N/A","Em Aberto","SIM","38m","N/A","N/A","15/12/2025, 13:20:35"
"GC-8519","[System] Problem","CT CX D'AGUA DE CONCRETO - Interferencia.","Fechada","NOC Grupo Cednet","Infraestrutura","Feito","N/A (Excluído)","N/A (Excluído)","NAO","1h 52m","14/12/2025, 16:35:27"
"GC-8496","[System] Problem","CLPL Aguinaldo Fernandes - Intermitente","Fechada","NOC Grupo Cednet","Infraestrutura","Feito","N/A (Excluído)","N/A (Excluído)","NAO","3m","11/12/2025, 22:17:35"
"GC-8487","[System] Problem","RC Bechara (F)","Fechada","Infraestrutura","Infraestrutura","Feito","N/A (Excluído)","N/A (Excluído)","SIM","206h 48m","11/12/2025, 11:09:42"
"GC-8464","[System] Problem","FTR Bairro Pinheirinho (R)","Fechada","Infraestrutura","Infraestrutura","Feito","N/A (Excluído)","N/A (Excluído)","NAO","5h 40m","10/12/2025, 09:07:17"
"GC-8446","[System] Problem","CLPL Morro Chato - Perdendo pacotes. ","Fechada","João Gabriel Povoa de Goes","N/A","Feito","NAO","3m","NAO","2h 19m","09/12/2025, 09:32:29"
"GC-8445","[System] Problem","RC Amarildo Intermitente","Fechada","Maria Luíza Oliveira e Silva","Infraestrutura","Feito","NAO","0m","NAO","1m","09/12/2025, 07:38:01"
"GC-8436","[System] Problem"," FTR Repetição Igreja","Fechada","Mayara Fernandes Figueiredo","Infraestrutura","Feito","NAO","13m","NAO","2h 31m","08/12/2025, 09:42:07"
"GC-8424","[System] Problem","OUR_A1_CX_05C1","Fechada","Mayara Fernandes Figueiredo","Infraestrutura","Concluído","NAO","7m","NAO","41m","06/12/2025, 11:43:01"
"GC-8607","[System] Service request","CLPL_LAG_CX_07 - Cheia","Pending","Alisson Miguel Bertocci","Infraestrutura","Em Aberto","NAO","9m","N/A","N/A","23/12/2025, 14:43:36"
"GC-8593","[System] Service request","Abertura de caixa no Condomínio Santa Mônica, em Ourinhos","Waiting for support","Julberto Capra Jr","N/A","Em Aberto","SIM","140h 34m","N/A","N/A","22/12/2025, 11:25:52"
"GC-8553","[System] Service request","CLPL_CTO_41A / CLPL_CTO_41B – Caixa não localizada no local.","Resolvido","Julberto Capra Jr","N/A","Feito","NAO","7m","N/A","N/A","17/12/2025, 15:42:04"
"GC-8545","[System] Service request","IPP_CAMPING_CX_02 - Realocação da Caixa","Resolvido","Julberto Capra Jr","Infraestrutura","Feito","SIM","222h 40m","N/A","N/A","17/12/2025, 09:38:23"
"GC-8528","[System] Service request","Manutenção CHV_CX_72","Resolvido","Alexsander de Oliveira Brazão","N/A","Feito","SIM","38h 54m","N/A","N/A","15/12/2025, 17:33:56"
"GC-8484","[System] Service request","CC_CX_CN04 - Sem Tampa da CTO","Resolvido","Julberto Capra Jr","N/A","Feito","SIM","165h 3m","N/A","N/A","11/12/2025, 10:38:43"
"GC-8404","[System] Service request","Preventiva nas caixas – Condomínio Aquário (Sarutaia)","Waiting for customer","Julberto Capra Jr","N/A","Em Aberto","SIM","1h 51m","N/A","N/A","03/12/2025, 09:48:11"
